<?xml version="1.0" encoding="UTF-8"?>
<!DOCTYPE mapper PUBLIC "-//mybatis.org//DTD Mapper 3.0//EN" "http://mybatis.org/dtd/mybatis-3-mapper.dtd">
<mapper namespace="com.rjxz.xykd.dao.AdminMapper">
  <resultMap id="BaseResultMap" type="com.rjxz.xykd.bean.Admin">
    <!--
      WARNING - @mbg.generated
      This element is automatically generated by MyBatis Generator, do not modify.
    -->
    <id column="id" jdbcType="BIGINT" property="id" />
    <result column="nickname" jdbcType="VARCHAR" property="nickname" />
    <result column="sex" jdbcType="TINYINT" property="sex" />
    <result column="age" jdbcType="SMALLINT" property="age" />
    <result column="phone" jdbcType="VARCHAR" property="phone" />
    <result column="email" jdbcType="VARCHAR" property="email" />
    <result column="address" jdbcType="VARCHAR" property="address" />
    <result column="signature" jdbcType="VARCHAR" property="signature" />
    <result column="password" jdbcType="VARCHAR" property="password" />
    <result column="headImg" jdbcType="LONGVARBINARY" property="headimg" />
  </resultMap>
  <delete id="deleteByPrimaryKey" parameterType="java.lang.Long">
    <!--
      WARNING - @mbg.generated
      This element is automatically generated by MyBatis Generator, do not modify.
    -->
    delete from admin
    where id = #{id,jdbcType=BIGINT}
  </delete>
  <insert id="insert" parameterType="com.rjxz.xykd.bean.Admin">
    <!--
      WARNING - @mbg.generated
      This element is automatically generated by MyBatis Generator, do not modify.
    -->
    insert into admin (id, nickname, sex, 
      age, phone, email, 
      address, signature, `password`, 
      headImg)
    values (#{id,jdbcType=BIGINT}, #{nickname,jdbcType=VARCHAR}, #{sex,jdbcType=TINYINT}, 
      #{age,jdbcType=SMALLINT}, #{phone,jdbcType=VARCHAR}, #{email,jdbcType=VARCHAR}, 
      #{address,jdbcType=VARCHAR}, #{signature,jdbcType=VARCHAR}, #{password,jdbcType=VARCHAR}, 
      #{headimg,jdbcType=LONGVARBINARY})
  </insert>
  <update id="updateByPrimaryKey" parameterType="com.rjxz.xykd.bean.Admin">
    <!--
      WARNING - @mbg.generated
      This element is automatically generated by MyBatis Generator, do not modify.
    -->
    update admin
    set nickname = #{nickname,jdbcType=VARCHAR},
      sex = #{sex,jdbcType=TINYINT},
      age = #{age,jdbcType=SMALLINT},
      phone = #{phone,jdbcType=VARCHAR},
      email = #{email,jdbcType=VARCHAR},
      address = #{address,jdbcType=VARCHAR},
      signature = #{signature,jdbcType=VARCHAR},
      `password` = #{password,jdbcType=VARCHAR},
      headImg = #{headimg,jdbcType=LONGVARBINARY}
    where id = #{id,jdbcType=BIGINT}
  </update>
  <select id="selectByPrimaryKey" parameterType="java.lang.Long" resultMap="BaseResultMap">
    <!--
      WARNING - @mbg.generated
      This element is automatically generated by MyBatis Generator, do not modify.
    -->
    select id, nickname, sex, age, phone, email, address, signature, `password`, headImg
    from admin
    where id = #{id,jdbcType=BIGINT}
  </select>
  <select id="selectAll" resultMap="BaseResultMap">
    <!--
      WARNING - @mbg.generated
      This element is automatically generated by MyBatis Generator, do not modify.
    -->
    select id, nickname, sex, age, phone, email, address, signature, `password`, headImg
    from admin
  </select>

  <!--通过邮箱号和密码查询账号-->
  <select id="selectByEmailAndPwd" resultMap="BaseResultMap">
        SELECT *
        FROM admin
        WHERE email = #{email} AND password = #{password}
  </select>


</mapper>