<?xml version="1.0" encoding="UTF-8"?>
<!DOCTYPE mapper PUBLIC "-//mybatis.org//DTD Mapper 3.0//EN" "http://mybatis.org/dtd/mybatis-3-mapper.dtd">
<mapper namespace="com.rjxz.xykd.dao.BuyorderMapper">
  <resultMap id="BaseResultMap" type="com.rjxz.xykd.bean.Buyorder">
    <!--
      WARNING - @mbg.generated
      This element is automatically generated by MyBatis Generator, do not modify.
    -->
    <id column="id" jdbcType="BIGINT" property="id" />
    <result column="commodityPrices" jdbcType="DOUBLE" property="commodityprices" />
    <result column="receiverAddr" jdbcType="VARCHAR" property="receiveraddr" />
    <result column="receiverNoteAddr" jdbcType="VARCHAR" property="receivernoteaddr" />
    <result column="phone" jdbcType="VARCHAR" property="phone" />
    <result column="buyAddr" jdbcType="VARCHAR" property="buyaddr" />
    <result column="buyNoteAddr" jdbcType="VARCHAR" property="buynoteaddr" />
    <result column="userId" jdbcType="BIGINT" property="userid" />
    <result column="courierId" jdbcType="BIGINT" property="courierid" />
    <result column="buyContent" jdbcType="LONGVARCHAR" property="buycontent" />
    <result column="notes" jdbcType="LONGVARCHAR" property="notes" />
    <result column="demand" jdbcType="LONGVARCHAR" property="demand" />
    <result column="time" jdbcType="DATE" property="time" />
  </resultMap>
  <delete id="deleteByPrimaryKey" parameterType="java.lang.Long">
    <!--
      WARNING - @mbg.generated
      This element is automatically generated by MyBatis Generator, do not modify.
    -->
    delete from buyorder
    where id = #{id,jdbcType=BIGINT}
  </delete>
  <insert id="insert" parameterType="com.rjxz.xykd.bean.Buyorder">
    <!--
      WARNING - @mbg.generated
      This element is automatically generated by MyBatis Generator, do not modify.
    -->
    insert into buyorder (id, commodityPrices, receiverAddr, 
      receiverNoteAddr, phone, buyAddr, 
      buyNoteAddr, userId, courierId, 
      buyContent, notes, demand, time
      )
    values (#{id,jdbcType=BIGINT}, #{commodityprices,jdbcType=DOUBLE}, #{receiveraddr,jdbcType=VARCHAR}, 
      #{receivernoteaddr,jdbcType=VARCHAR}, #{phone,jdbcType=VARCHAR}, #{buyaddr,jdbcType=VARCHAR}, 
      #{buynoteaddr,jdbcType=VARCHAR}, #{userid,jdbcType=BIGINT}, #{courierid,jdbcType=BIGINT}, 
      #{buycontent,jdbcType=LONGVARCHAR}, #{notes,jdbcType=LONGVARCHAR}, #{demand,jdbcType=LONGVARCHAR},
      #{time,jdbcType=DATETIME}
      )
  </insert>
  <update id="updateByPrimaryKey" parameterType="com.rjxz.xykd.bean.Buyorder">
    <!--
      WARNING - @mbg.generated
      This element is automatically generated by MyBatis Generator, do not modify.
    -->
    update buyorder
    set commodityPrices = #{commodityprices,jdbcType=DOUBLE},
      receiverAddr = #{receiveraddr,jdbcType=VARCHAR},
      receiverNoteAddr = #{receivernoteaddr,jdbcType=VARCHAR},
      phone = #{phone,jdbcType=VARCHAR},
      buyAddr = #{buyaddr,jdbcType=VARCHAR},
      buyNoteAddr = #{buynoteaddr,jdbcType=VARCHAR},
      userId = #{userid,jdbcType=BIGINT},
      courierId = #{courierid,jdbcType=BIGINT},
      buyContent = #{buycontent,jdbcType=LONGVARCHAR},
      notes = #{notes,jdbcType=LONGVARCHAR},
      demand = #{demand,jdbcType=LONGVARCHAR}
      time = #{time,jdbcType=DATETIME}
    where id = #{id,jdbcType=BIGINT}
  </update>
  <select id="selectByPrimaryKey" parameterType="java.lang.Long" resultMap="BaseResultMap">
    <!--
      WARNING - @mbg.generated
      This element is automatically generated by MyBatis Generator, do not modify.
    -->
    select id, commodityPrices, receiverAddr, receiverNoteAddr, phone, buyAddr, buyNoteAddr, 
    userId, courierId, buyContent, notes, demand, time
    from buyorder
    where id = #{id,jdbcType=BIGINT}
  </select>
  <select id="selectAll" resultMap="BaseResultMap">
    <!--
      WARNING - @mbg.generated
      This element is automatically generated by MyBatis Generator, do not modify.
    -->
    select id, commodityPrices, receiverAddr, receiverNoteAddr, phone, buyAddr, buyNoteAddr, 
    userId, courierId, buyContent, notes, demand, time
    from buyorder
  </select>

  <select id="selectAllByUserId" resultMap="BaseResultMap">
    SELECT *
    FROM buyorder
    WHERE userId = #{userId,jdbcType=BIGINT}
  </select>


  <select id="selectUndoneOrder" resultMap="BaseResultMap">
    select id, commodityPrices, receiverAddr, receiverNoteAddr, phone, buyAddr, buyNoteAddr,
    userId, courierId, buyContent, notes, demand, time
    from buyorder
    where courierId IS NULL
  </select>

  <select id="getCourierById" parameterType="java.lang.Long" resultMap="BaseResultMap">
      select courierId
      from buyorder
      where id= #{id,jdbcType=BIGINT}
  </select>

</mapper>