<?xml version="1.0" encoding="UTF-8"?>
<!DOCTYPE mapper PUBLIC "-//mybatis.org//DTD Mapper 3.0//EN" "http://mybatis.org/dtd/mybatis-3-mapper.dtd">
<mapper namespace="com.rjxz.xykd.dao.StaffMapper">
  <resultMap id="BaseResultMap" type="com.rjxz.xykd.bean.Staff">
    <!--
      WARNING - @mbg.generated
      This element is automatically generated by MyBatis Generator, do not modify.
    -->
    <id column="id" jdbcType="BIGINT" property="id" />
    <result column="nickname" jdbcType="VARCHAR" property="nickname" />
    <result column="idNumber" jdbcType="VARCHAR" property="idnumber" />
    <result column="sex" jdbcType="TINYINT" property="sex" />
    <result column="age" jdbcType="SMALLINT" property="age" />
    <result column="jointime" jdbcType="DATE" property="jointime" />
    <result column="phone" jdbcType="VARCHAR" property="phone" />
    <result column="email" jdbcType="VARCHAR" property="email" />
    <result column="address" jdbcType="VARCHAR" property="address" />
    <result column="password" jdbcType="VARCHAR" property="password" />
    <result column="orderReceivingNum" jdbcType="INTEGER" property="orderreceivingnum" />
    <result column="finishNum" jdbcType="INTEGER" property="finishnum" />
    <result column="managerId" jdbcType="INTEGER" property="managerid" />
    <result column="signature" jdbcType="LONGVARCHAR" property="signature" />
  </resultMap>
  <delete id="deleteByPrimaryKey" parameterType="java.lang.Long">
    <!--
      WARNING - @mbg.generated
      This element is automatically generated by MyBatis Generator, do not modify.
    -->
    delete from staff
    where id = #{id,jdbcType=BIGINT}
  </delete>
  <insert id="insert" parameterType="com.rjxz.xykd.bean.Staff">
    <!--
      WARNING - @mbg.generated
      This element is automatically generated by MyBatis Generator, do not modify.
    -->
    insert into staff (id, nickname, idNumber, 
      sex, age, jointime, phone, 
      email, address, `password`, 
      orderReceivingNum, finishNum, managerId, 
      signature)
    values (#{id,jdbcType=BIGINT}, #{nickname,jdbcType=VARCHAR}, #{idnumber,jdbcType=VARCHAR}, 
      #{sex,jdbcType=TINYINT}, #{age,jdbcType=SMALLINT}, #{jointime,jdbcType=DATE}, #{phone,jdbcType=VARCHAR}, 
      #{email,jdbcType=VARCHAR}, #{address,jdbcType=VARCHAR}, #{password,jdbcType=VARCHAR}, 
      #{orderreceivingnum,jdbcType=INTEGER}, #{finishnum,jdbcType=INTEGER}, #{managerid,jdbcType=INTEGER}, 
      #{signature,jdbcType=LONGVARCHAR})
  </insert>
  <update id="updateByPrimaryKey" parameterType="com.rjxz.xykd.bean.Staff">
    <!--
      WARNING - @mbg.generated
      This element is automatically generated by MyBatis Generator, do not modify.
    -->
    update staff
    set nickname = #{nickname,jdbcType=VARCHAR},
      idNumber = #{idnumber,jdbcType=VARCHAR},
      sex = #{sex,jdbcType=TINYINT},
      age = #{age,jdbcType=SMALLINT},
      jointime = #{jointime,jdbcType=DATE},
      phone = #{phone,jdbcType=VARCHAR},
      email = #{email,jdbcType=VARCHAR},
      address = #{address,jdbcType=VARCHAR},
      `password` = #{password,jdbcType=VARCHAR},
      orderReceivingNum = #{orderreceivingnum,jdbcType=INTEGER},
      finishNum = #{finishnum,jdbcType=INTEGER},
      managerId = #{managerid,jdbcType=INTEGER},
      signature = #{signature,jdbcType=LONGVARCHAR}
    where id = #{id,jdbcType=BIGINT}
  </update>
  <select id="selectByPrimaryKey" parameterType="java.lang.Long" resultMap="BaseResultMap">
    <!--
      WARNING - @mbg.generated
      This element is automatically generated by MyBatis Generator, do not modify.
    -->
    select id, nickname, idNumber, sex, age, jointime, phone, email, address, `password`, 
    orderReceivingNum, finishNum, managerId, signature
    from staff
    where id = #{id,jdbcType=BIGINT}
  </select>
  <select id="selectAll" resultMap="BaseResultMap">
    <!--
      WARNING - @mbg.generated
      This element is automatically generated by MyBatis Generator, do not modify.
    -->
    select id, nickname, idNumber, sex, age, jointime, phone, email, address, `password`, 
    orderReceivingNum, finishNum, managerId, signature
    from staff
  </select>

  <select id="selectByEmailAndPwd" resultMap="BaseResultMap">
    SELECT *
    FROM staff
    WHERE email = #{email} AND password = #{password}
  </select>
</mapper>