<?xml version="1.0" encoding="UTF-8"?>
<!DOCTYPE mapper PUBLIC "-//mybatis.org//DTD Mapper 3.0//EN" "http://mybatis.org/dtd/mybatis-3-mapper.dtd">
<mapper namespace="com.rjxz.xykd.dao.TakeorderMapper">
  <resultMap id="BaseResultMap" type="com.rjxz.xykd.bean.Takeorder">
    <!--
      WARNING - @mbg.generated
      This element is automatically generated by MyBatis Generator, do not modify.
    -->
    <id column="id" jdbcType="BIGINT" property="id" />
    <result column="itemType" jdbcType="VARCHAR" property="itemtype" />
    <result column="receiverAddr" jdbcType="VARCHAR" property="receiveraddr" />
    <result column="receiverNoteAddr" jdbcType="VARCHAR" property="receivernoteaddr" />
    <result column="phone" jdbcType="VARCHAR" property="phone" />
    <result column="takeAddr" jdbcType="VARCHAR" property="takeaddr" />
    <result column="takeNoteAddr" jdbcType="VARCHAR" property="takenoteaddr" />
    <result column="userId" jdbcType="BIGINT" property="userid" />
    <result column="courierId" jdbcType="BIGINT" property="courierid" />
    <result column="notes" jdbcType="LONGVARCHAR" property="notes" />
    <result column="time" jdbcType="DATE" property="time" />
  </resultMap>
  <delete id="deleteByPrimaryKey" parameterType="java.lang.Long">
    <!--
      WARNING - @mbg.generated
      This element is automatically generated by MyBatis Generator, do not modify.
    -->
    delete from takeorder
    where id = #{id,jdbcType=BIGINT}
  </delete>
  <insert id="insert" parameterType="com.rjxz.xykd.bean.Takeorder">
    <!--
      WARNING - @mbg.generated
      This element is automatically generated by MyBatis Generator, do not modify.
    -->
    insert into takeorder (id, itemType, receiverAddr, 
      receiverNoteAddr, phone, takeAddr, 
      takeNoteAddr, userId, courierId, 
      notes, time)
    values (#{id,jdbcType=BIGINT}, #{itemtype,jdbcType=VARCHAR}, #{receiveraddr,jdbcType=VARCHAR}, 
      #{receivernoteaddr,jdbcType=VARCHAR}, #{phone,jdbcType=VARCHAR}, #{takeaddr,jdbcType=VARCHAR}, 
      #{takenoteaddr,jdbcType=VARCHAR}, #{userid,jdbcType=BIGINT}, #{courierid,jdbcType=BIGINT}, 
      #{notes,jdbcType=LONGVARCHAR}), #{time,jdbcType=DATETIME}
  </insert>
  <update id="updateByPrimaryKey" parameterType="com.rjxz.xykd.bean.Takeorder">
    <!--
      WARNING - @mbg.generated
      This element is automatically generated by MyBatis Generator, do not modify.
    -->
    update takeorder
    set itemType = #{itemtype,jdbcType=VARCHAR},
      receiverAddr = #{receiveraddr,jdbcType=VARCHAR},
      receiverNoteAddr = #{receivernoteaddr,jdbcType=VARCHAR},
      phone = #{phone,jdbcType=VARCHAR},
      takeAddr = #{takeaddr,jdbcType=VARCHAR},
      takeNoteAddr = #{takenoteaddr,jdbcType=VARCHAR},
      userId = #{userid,jdbcType=BIGINT},
      courierId = #{courierid,jdbcType=BIGINT},
      notes = #{notes,jdbcType=LONGVARCHAR},
      time = #{time,jdbcType=DATETIME}
    where id = #{id,jdbcType=BIGINT}
  </update>
  <select id="selectByPrimaryKey" parameterType="java.lang.Long" resultMap="BaseResultMap">
    <!--
      WARNING - @mbg.generated
      This element is automatically generated by MyBatis Generator, do not modify.
    -->
    select id, itemType, receiverAddr, receiverNoteAddr, phone, takeAddr, takeNoteAddr, 
    userId, courierId, notes, time
    from takeorder
    where id = #{id,jdbcType=BIGINT}
  </select>
  <select id="selectAll" resultMap="BaseResultMap">
    <!--
      WARNING - @mbg.generated
      This element is automatically generated by MyBatis Generator, do not modify.
    -->
    select id, itemType, receiverAddr, receiverNoteAddr, phone, takeAddr, takeNoteAddr, 
    userId, courierId, notes, time
    from takeorder
  </select>


  <select id="selectAllByUserId" resultMap="BaseResultMap">
    SELECT *
    FROM takeorder
    WHERE userId = #{userId,jdbcType=BIGINT}
  </select>

  <select id="selectUndoneOrder" resultMap="BaseResultMap">
    select id, itemType, receiverAddr, receiverNoteAddr, phone, takeAddr, takeNoteAddr,
    userId, courierId, notes, time
    from takeorder
    where courierId IS NULL
  </select>

  <select id="getCourierById" parameterType="java.lang.Long" resultMap="BaseResultMap">
    select courierId
    from takeorder
    where id= #{id,jdbcType=BIGINT}
  </select>
</mapper>