<?xml version="1.0" encoding="UTF-8"?>
<!DOCTYPE mapper PUBLIC "-//mybatis.org//DTD Mapper 3.0//EN" "http://mybatis.org/dtd/mybatis-3-mapper.dtd">
<mapper namespace="com.rjxz.xykd.dao.UserMapper">
  <resultMap id="BaseResultMap" type="com.rjxz.xykd.bean.User">
    <!--
      WARNING - @mbg.generated
      This element is automatically generated by MyBatis Generator, do not modify.
    -->
    <id column="id" jdbcType="BIGINT" property="id" />
    <result column="nickname" jdbcType="VARCHAR" property="nickname" />
    <result column="level" jdbcType="VARCHAR" property="level" />
    <result column="city" jdbcType="VARCHAR" property="city" />
    <result column="sex" jdbcType="TINYINT" property="sex" />
    <result column="phone" jdbcType="VARCHAR" property="phone" />
    <result column="email" jdbcType="VARCHAR" property="email" />
    <result column="password" jdbcType="VARCHAR" property="password" />
    <result column="address" jdbcType="VARCHAR" property="address" />
    <result column="signature" jdbcType="LONGVARCHAR" property="signature" />
  </resultMap>
  <delete id="deleteByPrimaryKey" parameterType="java.lang.Long">
    <!--
      WARNING - @mbg.generated
      This element is automatically generated by MyBatis Generator, do not modify.
    -->
    delete from user
    where id = #{id,jdbcType=BIGINT}
  </delete>
  <insert id="insert" parameterType="com.rjxz.xykd.bean.User">
    <!--
      WARNING - @mbg.generated
      This element is automatically generated by MyBatis Generator, do not modify.
    -->
    insert into user (id, nickname, `level`, 
      city, sex, phone, email, 
      `password`, address, signature
      )
    values (#{id,jdbcType=BIGINT}, #{nickname,jdbcType=VARCHAR}, #{level,jdbcType=VARCHAR}, 
      #{city,jdbcType=VARCHAR}, #{sex,jdbcType=TINYINT}, #{phone,jdbcType=VARCHAR}, #{email,jdbcType=VARCHAR}, 
      #{password,jdbcType=VARCHAR}, #{address,jdbcType=VARCHAR}, #{signature,jdbcType=LONGVARCHAR}
      )
  </insert>
  <update id="updateByPrimaryKey" parameterType="com.rjxz.xykd.bean.User">
    <!--
      WARNING - @mbg.generated
      This element is automatically generated by MyBatis Generator, do not modify.
    -->
    update user
    set nickname = #{nickname,jdbcType=VARCHAR},
      `level` = #{level,jdbcType=VARCHAR},
      city = #{city,jdbcType=VARCHAR},
      sex = #{sex,jdbcType=TINYINT},
      phone = #{phone,jdbcType=VARCHAR},
      email = #{email,jdbcType=VARCHAR},
      `password` = #{password,jdbcType=VARCHAR},
      address = #{address,jdbcType=VARCHAR},
      signature = #{signature,jdbcType=LONGVARCHAR}
    where id = #{id,jdbcType=BIGINT}
  </update>
  <select id="selectByPrimaryKey" parameterType="java.lang.Long" resultMap="BaseResultMap">
    <!--
      WARNING - @mbg.generated
      This element is automatically generated by MyBatis Generator, do not modify.
    -->
    select id, nickname, `level`, city, sex, phone, email, `password`, address, signature
    from user
    where id = #{id,jdbcType=BIGINT}
  </select>
  <select id="selectAll" resultMap="BaseResultMap">
    <!--
      WARNING - @mbg.generated
      This element is automatically generated by MyBatis Generator, do not modify.
    -->
    select id, nickname, `level`, city, sex, phone, email, `password`, address, signature
    from user
  </select>

  <!--登录:通过邮箱号和密码查询账号-->
  <select id="selectByEmailAndPwd" resultMap="BaseResultMap">
    SELECT *
    FROM user
    WHERE email = #{email} AND password = #{password}
  </select>
</mapper>