<?xml version="1.0" encoding="UTF-8"?>
<!DOCTYPE generatorConfiguration

        PUBLIC "-//mybatis.org//DTD MyBatis Generator Configuration 1.0//EN"

        "http://mybatis.org/dtd/mybatis-generator-config_1_0.dtd">
<generatorConfiguration>

    <properties resource="application.properties"></properties>
    <!-- 本地数据库驱动程序jar包的全路径 -->
    <classPathEntry location="C:\Users\123\.m2\repository\mysql\mysql-connector-java\5.1.46\mysql-connector-java-5.1.46.jar"/>

    <context id="mysql" defaultModelType="flat" targetRuntime="mybatis3Simple">
        <property name="autoDelimitKeywords" value="true"/>
        <property name="beginningDelimiter" value="`"/>
        <property name="endingDelimiter" value="`"/>

        <commentGenerator>
            <property name="suppressDate" value="true"/>
            <property name="addRemarkComments" value="true"/>
        </commentGenerator>

        <jdbcConnection driverClass="${spring.datasource.driver-class-name}"
                        connectionURL="${spring.datasource.url}"
                        userId="${spring.datasource.username}"
                        password="${spring.datasource.password}">
        </jdbcConnection>

        <javaTypeResolver>
            <property name="forceBigDecimals" value="false"/>
        </javaTypeResolver>

        <javaModelGenerator targetPackage="com.rjxz.xykd.bean" targetProject="src\main\java">
        </javaModelGenerator>
        <sqlMapGenerator targetPackage="com.rjxz.xykd.dao" targetProject="src\main\java">
        </sqlMapGenerator>
        <javaClientGenerator type="XMLMAPPER" targetPackage="com.rjxz.xykd.dao" targetProject="src\main\java">
        </javaClientGenerator>
        <table tableName="%">
            <generatedKey column="id" sqlStatement="Mysql"/>
        </table>
    </context>
</generatorConfiguration>